{
    "imoveis-imobiliaria": {
        "imoveis": [
            {
                "id": "1",
                "categoria": "Apartamento",
                "cidade": "Santa Maria",
                "uf" : "RS",
                "bairro" : "Centro",
                "status" : "ALUGUEL E VENDA",
                "area_total" : "10,50",
                "area_privativa" : "10,50",
                "iptu" : "10,50",
                "condominio" : "10,50",
                "planta" : "SIM",
                "dependencia" : "SIM",
                "sacada" : "SIM",
                "portaria" : "SIM",
                "elevador" : "SIM",
                "churrasqueira" : "PRIVATIVA",
                "dormitorios" : "1",
                "suites" : "1",
                "vagas" : "1",
                "banheiros" : "1",
                "cep" : "97010-660",
                "endereco" : "Rua Tuiutí",
                "numero" : "1741",
                "complemento" : "Ap. 401",
                "descricao" : "Lorem ipsum dolor sit amet, consectetur adipiscing elit. Etiam auctor nec risus a viverra. Maecenas finibus malesuada risus eget porta. Suspendisse eget dui et ligula euismod rhoncus. Maecenas quis porta mi. Aenean fermentum lorem ut diam dapibus, sit amet luctus nibh elementum. Aenean vitae efficitur risus. Nulla sit amet hendrerit ipsum, vel ullamcorper massa. In dignissim odio vel tempus commodo. Ut eros tortor, semper sed mollis quis, ultricies quis ex. Donec fermentum ex vitae consectetur laoreet. Morbi eget tincidunt lacus. Morbi efficitur id velit eget ullamcorper. Praesent ut pellentesque odio. Aenean tincidunt metus eros, et scelerisque orci congue ac. Praesent ullamcorper molestie nulla ut venenatis. In dignissim vitae purus sed efficitur. Morbi commodo ante vitae orci varius consequat. Maecenas et varius urna. Vivamus congue odio a tortor tempor dictum. Nam pulvinar sapien ex, vel venenatis lacus viverra pulvinar. Curabitur bibendum at nunc molestie consequat. Vestibulum elementum laoreet ipsum, sed consectetur arcu gravida a. Donec id laoreet quam.",
                "latitude" : "51.6565646",
                "longitude" : "51.6565646",
                "valor_venda" : "250000,00",
                "mostrar_mapa" : "SIM",
                "imagem_principal" : "http://www.seusite.com.br/seuimovel/999/imagem_principal.jpg"
            },
            {
                "id": "2",
                "categoria": "Apartamento",
                "cidade": "Santa Maria",
                "categoria" : "Apartamento",
                "cidade" : "Santa Maria",
                "uf" : "RS",
                "bairro" : "Centro",
                "status" : "ALUGUEL E VENDA",
                "area_total" : "10,50",
                "area_privativa" : "10,50",
                "iptu" : "10,50",
                "condominio" : "10,50",
                "planta" : "SIM",
                "dependencia" : "SIM",
                "sacada" : "SIM",
                "portaria" : "SIM",
                "elevador" : "SIM",
                "churrasqueira" : "PRIVATIVA",
                "dormitorios" : "1",
                "suites" : "1",
                "vagas" : "1",
                "banheiros" : "1",
                "cep" : "97010-660",
                "endereco" : "Rua Tuiutí",
                "numero" : "1741",
                "complemento" : "Ap. 401",
                "descricao" : "Lorem ipsum dolor sit amet, consectetur adipiscing elit. Etiam auctor nec risus a viverra. Maecenas finibus malesuada risus eget porta. Suspendisse eget dui et ligula euismod rhoncus. Maecenas quis porta mi. Aenean fermentum lorem ut diam dapibus, sit amet luctus nibh elementum. Aenean vitae efficitur risus. Nulla sit amet hendrerit ipsum, vel ullamcorper massa. In dignissim odio vel tempus commodo. Ut eros tortor, semper sed mollis quis, ultricies quis ex. Donec fermentum ex vitae consectetur laoreet. Morbi eget tincidunt lacus. Morbi efficitur id velit eget ullamcorper. Praesent ut pellentesque odio. Aenean tincidunt metus eros, et scelerisque orci congue ac. Praesent ullamcorper molestie nulla ut venenatis. In dignissim vitae purus sed efficitur. Morbi commodo ante vitae orci varius consequat. Maecenas et varius urna. Vivamus congue odio a tortor tempor dictum. Nam pulvinar sapien ex, vel venenatis lacus viverra pulvinar. Curabitur bibendum at nunc molestie consequat. Vestibulum elementum laoreet ipsum, sed consectetur arcu gravida a. Donec id laoreet quam.",
                "latitude" : "51.6565646",
                "longitude" : "51.6565646",
                "valor_venda" : "250000,00",
                "valor_aluguel" : "700,00",
                "mostrar_mapa" : "SIM",
                "imagem_principal" : "http://www.seusite.com.br/seuimovel/999/imagem_principal.jpg"
            },
          {
            "id" : "3",
            "categoria" : "Apartamento",
            "cidade" : "Santa Maria",
            "uf" : "RS",
            "bairro" : "Centro",
            "status" : "ALUGUEL E VENDA",
            "area_total" : "10,50",
            "area_privativa" : "10,50",
            "iptu" : "10,50",
            "condominio" : "10,50",
            "planta" : "SIM",
            "dependencia" : "SIM",
            "sacada" : "SIM",
            "portaria" : "SIM",
            "elevador" : "SIM",
            "churrasqueira" : "PRIVATIVA",
            "dormitorios" : "1",
            "suites" : "1",
            "vagas" : "1",
            "banheiros" : "1",
            "cep" : "97010-660",
            "endereco" : "Rua Tuiutí",
            "numero" : "1741",
            "complemento" : "Ap. 401",
            "descricao" : "Lorem ipsum dolor sit amet, consectetur adipiscing elit. Etiam auctor nec risus a viverra. Maecenas finibus malesuada risus eget porta. Suspendisse eget dui et ligula euismod rhoncus. Maecenas quis porta mi. Aenean fermentum lorem ut diam dapibus, sit amet luctus nibh elementum. Aenean vitae efficitur risus. Nulla sit amet hendrerit ipsum, vel ullamcorper massa. In dignissim odio vel tempus commodo. Ut eros tortor, semper sed mollis quis, ultricies quis ex. Donec fermentum ex vitae consectetur laoreet. Morbi eget tincidunt lacus. Morbi efficitur id velit eget ullamcorper. Praesent ut pellentesque odio. Aenean tincidunt metus eros, et scelerisque orci congue ac. Praesent ullamcorper molestie nulla ut venenatis. In dignissim vitae purus sed efficitur. Morbi commodo ante vitae orci varius consequat. Maecenas et varius urna. Vivamus congue odio a tortor tempor dictum. Nam pulvinar sapien ex, vel venenatis lacus viverra pulvinar. Curabitur bibendum at nunc molestie consequat. Vestibulum elementum laoreet ipsum, sed consectetur arcu gravida a. Donec id laoreet quam.",
            "latitude" : "51.6565646",
            "longitude" : "51.6565646",
            "mostrar_mapa" : "SIM",
            "imagem_principal" : "http://www.seusite.com.br/seuimovel/999/imagem_principal.jpg"
          }
        ]
    }
}
